"artifact","moduleUrl","moduleLicense","moduleLicenseUrl",
"ch.qos.logback:logback-classic:1.5.32","http://www.qos.ch","GNU LESSER GENERAL PUBLIC LICENSE, Version 2.1","https://www.gnu.org/licenses/lgpl-2.1",
"ch.qos.logback:logback-classic:1.5.34","http://www.qos.ch","GNU LESSER GENERAL PUBLIC LICENSE, Version 2.1","https://www.gnu.org/licenses/lgpl-2.1",
"ch.qos.logback:logback-core:1.5.32","http://www.qos.ch","GNU LESSER GENERAL PUBLIC LICENSE, Version 2.1","https://www.gnu.org/licenses/lgpl-2.1",
"ch.qos.logback:logback-core:1.5.34","http://www.qos.ch","GNU LESSER GENERAL PUBLIC LICENSE, Version 2.1","https://www.gnu.org/licenses/lgpl-2.1",
"com.fasterxml.jackson.core:jackson-annotations:2.21","https://github.com/FasterXML/jackson","Apache License, Version 2.0","https://www.apache.org/licenses/LICENSE-2.0",
"com.github.virtuald:curvesapi:1.08","https://github.com/virtuald/curvesapi","The 3-Clause BSD License","https://opensource.org/licenses/BSD-3-Clause",
"com.healthmarketscience.jackcess:jackcess:4.0.7","https://openhms.sourceforge.io/","Apache License, Version 2.0","https://www.apache.org/licenses/LICENSE-2.0",
"com.zaxxer:SparseBitSet:1.3","https://github.com/brettwooldridge/SparseBitSet","Apache License, Version 2.0","https://www.apache.org/licenses/LICENSE-2.0",
"commons-codec:commons-codec:1.17.0","https://commons.apache.org/proper/commons-codec/","Apache License, Version 2.0","https://www.apache.org/licenses/LICENSE-2.0",
"commons-io:commons-io:2.22.0","https://commons.apache.org/proper/commons-io/","Apache License, Version 2.0","https://www.apache.org/licenses/LICENSE-2.0",
"commons-logging:commons-logging:1.3.6","https://commons.apache.org/proper/commons-logging/","Apache License, Version 2.0","https://www.apache.org/licenses/LICENSE-2.0",
"commons-logging:commons-logging:1.4.0","https://commons.apache.org/proper/commons-logging/","Apache License, Version 2.0","https://www.apache.org/licenses/LICENSE-2.0",
"io.micrometer:micrometer-commons:1.17.0","https://github.com/micrometer-metrics/micrometer","Apache License, Version 2.0","https://www.apache.org/licenses/LICENSE-2.0",
"io.micrometer:micrometer-observation:1.17.0","https://github.com/micrometer-metrics/micrometer","Apache License, Version 2.0","https://www.apache.org/licenses/LICENSE-2.0",
"jakarta.annotation:jakarta.annotation-api:3.0.0","https://www.eclipse.org","GNU GENERAL PUBLIC LICENSE, Version 2 + Classpath Exception","https://openjdk.java.net/legal/gplv2+ce.html",
"net.java.dev.jna:jna:5.15.0","https://github.com/java-native-access/jna","GNU LESSER GENERAL PUBLIC LICENSE, Version 2.1","https://www.gnu.org/licenses/lgpl-2.1",
"net.java.dev.jna:jna-platform:5.15.0","https://github.com/java-native-access/jna","GNU LESSER GENERAL PUBLIC LICENSE, Version 2.1","https://www.gnu.org/licenses/lgpl-2.1",
"org.apache.commons:commons-collections4:4.4","https://commons.apache.org/proper/commons-collections/","Apache License, Version 2.0","https://www.apache.org/licenses/LICENSE-2.0",
"org.apache.commons:commons-compress:1.26.2","https://commons.apache.org/proper/commons-compress/","Apache License, Version 2.0","https://www.apache.org/licenses/LICENSE-2.0",
"org.apache.commons:commons-lang3:3.16.0","https://commons.apache.org/proper/commons-lang/","Apache License, Version 2.0","https://www.apache.org/licenses/LICENSE-2.0",
"org.apache.commons:commons-math3:3.6.1","http://commons.apache.org/proper/commons-math/","Apache License, Version 2.0","https://www.apache.org/licenses/LICENSE-2.0",
"org.apache.logging.log4j:log4j-api:2.23.1",,"Apache License, Version 2.0","https://www.apache.org/licenses/LICENSE-2.0",
"org.apache.logging.log4j:log4j-api:2.25.4","https://logging.apache.org/log4j/2.x/","Apache License, Version 2.0","https://www.apache.org/licenses/LICENSE-2.0",
"org.apache.logging.log4j:log4j-to-slf4j:2.25.4","https://logging.apache.org/log4j/2.x/","Apache License, Version 2.0","https://www.apache.org/licenses/LICENSE-2.0",
"org.apache.poi:poi:5.3.0","https://poi.apache.org/","Apache License, Version 2.0","https://www.apache.org/licenses/LICENSE-2.0",
"org.apache.poi:poi-ooxml:5.3.0","https://poi.apache.org/","Apache License, Version 2.0","https://www.apache.org/licenses/LICENSE-2.0",
"org.apache.poi:poi-ooxml-lite:5.3.0","https://poi.apache.org/","Apache License, Version 2.0","https://www.apache.org/licenses/LICENSE-2.0",
"org.apache.tomcat.embed:tomcat-embed-core:11.0.22","https://tomcat.apache.org/","Eclipse Public License - v 2.0","https://www.eclipse.org/org/documents/epl-2.0/EPL-2.0.txt",
"org.apache.tomcat.embed:tomcat-embed-el:11.0.22","https://tomcat.apache.org/","Apache License, Version 2.0","https://www.apache.org/licenses/LICENSE-2.0",
"org.apache.tomcat.embed:tomcat-embed-websocket:11.0.22","https://tomcat.apache.org/","Apache License, Version 2.0","https://www.apache.org/licenses/LICENSE-2.0",
"org.apache.xmlbeans:xmlbeans:5.2.1","https://xmlbeans.apache.org/","Apache License, Version 2.0","https://www.apache.org/licenses/LICENSE-2.0",
"org.commonmark:commonmark:0.24.0",,"The 2-Clause BSD License","https://opensource.org/licenses/BSD-2-Clause",
"org.commonmark:commonmark-ext-gfm-tables:0.24.0",,"The 2-Clause BSD License","https://opensource.org/licenses/BSD-2-Clause",
"org.fxmisc.flowless:flowless:0.7.4","https://github.com/FXMisc/Flowless/#flowless","The 2-Clause BSD License","https://opensource.org/licenses/BSD-2-Clause",
"org.fxmisc.richtext:richtextfx:0.11.7","https://github.com/FXMisc/RichTextFX/#richtextfx","The 2-Clause BSD License","https://opensource.org/licenses/BSD-2-Clause",
"org.fxmisc.undo:undofx:2.1.1","http://www.fxmisc.org/undo/","The 2-Clause BSD License","https://opensource.org/licenses/BSD-2-Clause",
"org.fxmisc.wellbehaved:wellbehavedfx:0.3.3","http://www.fxmisc.org/wellbehaved/","The 2-Clause BSD License","https://opensource.org/licenses/BSD-2-Clause",
"org.jspecify:jspecify:1.0.0","https://jspecify.dev/docs/start-here","Apache License, Version 2.0","https://www.apache.org/licenses/LICENSE-2.0",
"org.kordamp.ikonli:ikonli-bootstrapicons-pack:12.4.0","https://github.com/kordamp/ikonli","Apache License, Version 2.0","https://www.apache.org/licenses/LICENSE-2.0",
"org.kordamp.ikonli:ikonli-core:12.4.0","https://github.com/kordamp/ikonli","Apache License, Version 2.0","https://www.apache.org/licenses/LICENSE-2.0",
"org.kordamp.ikonli:ikonli-javafx:12.4.0","https://github.com/kordamp/ikonli","Apache License, Version 2.0","https://www.apache.org/licenses/LICENSE-2.0",
"org.kordamp.ikonli:ikonli-materialdesign2-pack:12.4.0","https://github.com/kordamp/ikonli","Apache License, Version 2.0","https://www.apache.org/licenses/LICENSE-2.0",
"org.openjfx:javafx-base:21.0.4",,"GNU GENERAL PUBLIC LICENSE, Version 2 + Classpath Exception","https://openjdk.java.net/legal/gplv2+ce.html",
"org.openjfx:javafx-controls:21.0.4",,"GNU GENERAL PUBLIC LICENSE, Version 2 + Classpath Exception","https://openjdk.java.net/legal/gplv2+ce.html",
"org.openjfx:javafx-fxml:21.0.4",,"GNU GENERAL PUBLIC LICENSE, Version 2 + Classpath Exception","https://openjdk.java.net/legal/gplv2+ce.html",
"org.openjfx:javafx-graphics:21.0.4",,"GNU GENERAL PUBLIC LICENSE, Version 2 + Classpath Exception","https://openjdk.java.net/legal/gplv2+ce.html",
"org.openjfx:javafx-media:21.0.4",,"GNU GENERAL PUBLIC LICENSE, Version 2 + Classpath Exception","https://openjdk.java.net/legal/gplv2+ce.html",
"org.openjfx:javafx-web:21.0.4",,"GNU GENERAL PUBLIC LICENSE, Version 2 + Classpath Exception","https://openjdk.java.net/legal/gplv2+ce.html",
"org.reactfx:reactfx:2.0-M5","http://www.reactfx.org/","The 2-Clause BSD License","https://opensource.org/licenses/BSD-2-Clause",
"org.slf4j:jul-to-slf4j:2.0.18","http://www.slf4j.org","MIT License","https://opensource.org/licenses/MIT",
"org.slf4j:slf4j-api:2.0.17","http://www.slf4j.org","MIT License","https://opensource.org/licenses/MIT",
"org.slf4j:slf4j-api:2.0.18","http://www.slf4j.org","MIT License","https://opensource.org/licenses/MIT",
"org.snakeyaml:snakeyaml-engine:3.0.1","https://bitbucket.org/snakeyaml/snakeyaml-engine","Apache License, Version 2.0","https://www.apache.org/licenses/LICENSE-2.0",
"org.springframework:spring-aop:7.0.8","https://github.com/spring-projects/spring-framework","Apache License, Version 2.0","https://www.apache.org/licenses/LICENSE-2.0",
"org.springframework:spring-beans:7.0.8","https://github.com/spring-projects/spring-framework","Apache License, Version 2.0","https://www.apache.org/licenses/LICENSE-2.0",
"org.springframework:spring-context:7.0.8","https://github.com/spring-projects/spring-framework","Apache License, Version 2.0","https://www.apache.org/licenses/LICENSE-2.0",
"org.springframework:spring-core:7.0.8","https://github.com/spring-projects/spring-framework","Apache License, Version 2.0","https://www.apache.org/licenses/LICENSE-2.0",
"org.springframework:spring-expression:7.0.8","https://github.com/spring-projects/spring-framework","Apache License, Version 2.0","https://www.apache.org/licenses/LICENSE-2.0",
"org.springframework:spring-web:7.0.8","https://github.com/spring-projects/spring-framework","Apache License, Version 2.0","https://www.apache.org/licenses/LICENSE-2.0",
"org.springframework:spring-webmvc:7.0.8","https://github.com/spring-projects/spring-framework","Apache License, Version 2.0","https://www.apache.org/licenses/LICENSE-2.0",
"org.springframework.boot:spring-boot:4.1.0","https://spring.io/projects/spring-boot","Apache License, Version 2.0","https://www.apache.org/licenses/LICENSE-2.0",
"org.springframework.boot:spring-boot-autoconfigure:4.1.0","https://spring.io/projects/spring-boot","Apache License, Version 2.0","https://www.apache.org/licenses/LICENSE-2.0",
"org.springframework.boot:spring-boot-http-converter:4.1.0","https://spring.io/projects/spring-boot","Apache License, Version 2.0","https://www.apache.org/licenses/LICENSE-2.0",
"org.springframework.boot:spring-boot-jackson:4.1.0","https://spring.io/projects/spring-boot","Apache License, Version 2.0","https://www.apache.org/licenses/LICENSE-2.0",
"org.springframework.boot:spring-boot-servlet:4.1.0","https://spring.io/projects/spring-boot","Apache License, Version 2.0","https://www.apache.org/licenses/LICENSE-2.0",
"org.springframework.boot:spring-boot-starter:4.1.0","https://spring.io/projects/spring-boot","Apache License, Version 2.0","https://www.apache.org/licenses/LICENSE-2.0",
"org.springframework.boot:spring-boot-starter-jackson:4.1.0","https://spring.io/projects/spring-boot","Apache License, Version 2.0","https://www.apache.org/licenses/LICENSE-2.0",
"org.springframework.boot:spring-boot-starter-logging:4.1.0","https://spring.io/projects/spring-boot","Apache License, Version 2.0","https://www.apache.org/licenses/LICENSE-2.0",
"org.springframework.boot:spring-boot-starter-tomcat:4.1.0","https://spring.io/projects/spring-boot","Apache License, Version 2.0","https://www.apache.org/licenses/LICENSE-2.0",
"org.springframework.boot:spring-boot-starter-tomcat-runtime:4.1.0","https://spring.io/projects/spring-boot","Apache License, Version 2.0","https://www.apache.org/licenses/LICENSE-2.0",
"org.springframework.boot:spring-boot-starter-web:4.1.0","https://spring.io/projects/spring-boot","Apache License, Version 2.0","https://www.apache.org/licenses/LICENSE-2.0",
"org.springframework.boot:spring-boot-tomcat:4.1.0","https://spring.io/projects/spring-boot","Apache License, Version 2.0","https://www.apache.org/licenses/LICENSE-2.0",
"org.springframework.boot:spring-boot-web-server:4.1.0","https://spring.io/projects/spring-boot","Apache License, Version 2.0","https://www.apache.org/licenses/LICENSE-2.0",
"org.springframework.boot:spring-boot-webmvc:4.1.0","https://spring.io/projects/spring-boot","Apache License, Version 2.0","https://www.apache.org/licenses/LICENSE-2.0",
"org.yaml:snakeyaml:2.6","https://bitbucket.org/snakeyaml/snakeyaml","Apache License, Version 2.0","https://www.apache.org/licenses/LICENSE-2.0",
"tools.jackson:jackson-bom:3.1.4","https://github.com/FasterXML/jackson-bom","Apache License, Version 2.0","https://www.apache.org/licenses/LICENSE-2.0",
"tools.jackson.core:jackson-core:3.1.4","https://github.com/FasterXML/jackson-core","Apache License, Version 2.0","https://www.apache.org/licenses/LICENSE-2.0",
"tools.jackson.core:jackson-databind:3.1.4","https://github.com/FasterXML/jackson","Apache License, Version 2.0","https://www.apache.org/licenses/LICENSE-2.0",
"tools.jackson.dataformat:jackson-dataformat-yaml:3.1.4","https://github.com/FasterXML/jackson-dataformats-text","Apache License, Version 2.0","https://www.apache.org/licenses/LICENSE-2.0",
